URL,Clicks,Shows,CTR,Position
https://webdoky.org/uk/docs/Web/HTML/Element/input/,574,25082,2.29%,9.97
https://webdoky.org/uk/docs/Web/HTML/Element/input/checkbox/,417,17214,2.42%,13.46
https://webdoky.org/uk/docs/Web/CSS/Specificity/,195,3359,5.81%,8.87
https://webdoky.org/uk/docs/Web/JavaScript/Closures/,185,3066,6.03%,5.99
https://webdoky.org/uk/docs/Web/HTML/Element/a/,162,2492,6.5%,10.59
https://webdoky.org/uk/docs/Web/CSS/Using_CSS_custom_properties/,153,2662,5.75%,7.96
https://webdoky.org/uk/docs/Web/JavaScript/Reference/Global_Objects/Array/sort/,150,4518,3.32%,10.66
https://webdoky.org/uk/docs/Web/HTML/Element/input/date/,149,4275,3.49%,11.25
https://webdoky.org/uk/docs/Web/HTML/Element/input/tel/,129,2682,4.81%,10.99
https://webdoky.org/uk/docs/Web/CSS/position/,115,5600,2.05%,8.94
https://webdoky.org/uk/docs/Web/HTML/Element/input/radio/,113,4870,2.32%,12.87
https://webdoky.org/uk/docs/Web/JavaScript/Reference/Global_Objects/Array/,104,6740,1.54%,9.46
https://webdoky.org/uk/docs/Web/JavaScript/Reference/Global_Objects/Math/max/,104,2890,3.6%,14.83
https://webdoky.org/uk/docs/Web/JavaScript/Guide/Functions/,103,4713,2.19%,11.89
https://webdoky.org/uk/docs/Web/JavaScript/Reference/Global_Objects/Promise/,95,3475,2.73%,9.75
https://webdoky.org/uk/docs/Web/CSS/display/,88,6431,1.37%,10.29
https://webdoky.org/uk/docs/Web/JavaScript/Reference/Global_Objects/String/,87,3131,2.78%,9.71
https://webdoky.org/uk/docs/Web/CSS/CSS_animations/Using_CSS_animations/,86,1903,4.52%,8.86
https://webdoky.org/uk/docs/Web/JavaScript/Reference/Global_Objects/String/split/,85,7272,1.17%,9.34
https://webdoky.org/uk/docs/Web/HTML/Element/input/range/,85,2047,4.15%,11.48
https://webdoky.org/uk/docs/Web/HTML/Element/input/email/,82,2139,3.83%,10.3
https://webdoky.org/uk/docs/Web/JavaScript/Guide/Regular_expressions/,82,2010,4.08%,8.38
https://webdoky.org/uk/docs/Web/JavaScript/Reference/Template_literals/,79,1553,5.09%,7.91
https://webdoky.org/uk/docs/Web/CSS/box-shadow/,75,8587,0.87%,10.58
https://webdoky.org/uk/docs/Web/CSS/:nth-child/,71,6179,1.15%,10.45
https://webdoky.org/uk/docs/Web/CSS/box-sizing/,70,5527,1.27%,11.34
https://webdoky.org/uk/docs/Web/CSS/gradient/linear-gradient/,69,4389,1.57%,11.23
https://webdoky.org/uk/docs/Web/JavaScript/Reference/Global_Objects/parseInt/,69,4242,1.63%,10.11
https://webdoky.org/uk/docs/Web/JavaScript/Data_structures/,69,2720,2.54%,10.56
https://webdoky.org/uk/docs/Web/HTML/Element/input/file/,68,3266,2.08%,9.51
https://webdoky.org/uk/docs/Web/JavaScript/Reference/Global_Objects/Array/reduce/,66,9974,0.66%,8.78
https://webdoky.org/uk/docs/Web/CSS/overflow/,65,11697,0.56%,10.88
https://webdoky.org/uk/docs/Web/JavaScript/Reference/Global_Objects/String/padStart/,65,2276,2.86%,19.57
https://webdoky.org/uk/docs/Web/JavaScript/Guide/Loops_and_iteration/,63,2547,2.47%,10.47
https://webdoky.org/uk/docs/Web/JavaScript/Guide/Working_with_objects/,61,2102,2.9%,9.7
https://webdoky.org/uk/docs/Web/HTML/Element/video/,58,5050,1.15%,9.88
https://webdoky.org/uk/docs/Web/JavaScript/Reference/Global_Objects/Date/toLocaleDateString/,56,1507,3.72%,28.83
https://webdoky.org/uk/docs/Web/JavaScript/Reference/Global_Objects/Array/find/,55,7510,0.73%,10.3
https://webdoky.org/uk/docs/Web/HTML/Element/img/,53,8430,0.63%,8.76
https://webdoky.org/uk/docs/Web/HTML/Element/label/,53,6814,0.78%,8.42
https://webdoky.org/uk/docs/Web/HTML/Element/button/,52,5038,1.03%,9.07
https://webdoky.org/uk/docs/Web/HTML/Element/select/,50,4253,1.18%,12.3
https://webdoky.org/uk/docs/Web/CSS/font-size/,47,4504,1.04%,9.36
https://webdoky.org/uk/docs/Web/JavaScript/Reference/Global_Objects/String/replace/,42,4620,0.91%,9.48
https://webdoky.org/uk/docs/Web/HTML/Element/ul/,40,6606,0.61%,8.81
https://webdoky.org/uk/docs/Web/CSS/,40,4337,0.92%,9.98
https://webdoky.org/uk/docs/Web/JavaScript/Reference/Global_Objects/Object/hasOwnProperty/,40,4166,0.96%,27.39
https://webdoky.org/uk/docs/Web/HTML/Element/textarea/,40,3474,1.15%,7.58
https://webdoky.org/uk/docs/Web/HTML/Element/link/,40,3066,1.3%,9.58
https://webdoky.org/uk/docs/Web/CSS/justify-content/,39,5505,0.71%,10.64
https://webdoky.org/uk/docs/Web/CSS/CSS_text/Wrapping_breaking_text/,39,611,6.38%,8.33
https://webdoky.org/uk/docs/Web/JavaScript/Reference/Global_Objects/Math/random/,38,4218,0.9%,10.51
https://webdoky.org/uk/docs/Web/HTML/Element/,38,3172,1.2%,10.14
https://webdoky.org/uk/docs/Web/JavaScript/Reference/Global_Objects/Math/pow/,37,3813,0.97%,14.15
https://webdoky.org/uk/docs/Web/CSS/CSS_flexible_box_layout/Basic_concepts_of_flexbox/,37,2146,1.72%,9.09
https://webdoky.org/uk/docs/Web/JavaScript/Guide/Modules/,37,1833,2.02%,13.15
https://webdoky.org/uk/docs/Web/HTML/Element/table/,36,4402,0.82%,10.52
https://webdoky.org/uk/docs/Web/CSS/CSS_transitions/Using_CSS_transitions/,36,1137,3.17%,9.98
https://webdoky.org/uk/docs/Web/JavaScript/Reference/Global_Objects/encodeURIComponent/,35,1223,2.86%,7.22
https://webdoky.org/uk/docs/Web/HTML/,34,5826,0.58%,11.67
https://webdoky.org/uk/docs/Web/JavaScript/Reference/Global_Objects/Array/push/,34,3670,0.93%,9.25
https://webdoky.org/uk/docs/Web/CSS/font-family/,34,2907,1.17%,10.65
https://webdoky.org/uk/docs/Web/JavaScript/Language_overview/,34,1663,2.04%,12.48
https://webdoky.org/uk/docs/Web/JavaScript/Reference/Global_Objects/JSON/stringify/,33,4686,0.7%,8.58
https://webdoky.org/uk/docs/Web/JavaScript/Reference/Global_Objects/Math/abs/,33,2967,1.11%,11.5
https://webdoky.org/uk/docs/Web/CSS/text-overflow/,32,3141,1.02%,10.74
https://webdoky.org/uk/docs/Web/JavaScript/Reference/Global_Objects/NaN/,32,1890,1.69%,17.72
https://webdoky.org/uk/docs/Web/JavaScript/Reference/Global_Objects/Object/,31,2608,1.19%,10.11
https://webdoky.org/uk/docs/Web/CSS/CSS_grid_layout/Basic_concepts_of_grid_layout/,31,1088,2.85%,9.42
https://webdoky.org/uk/docs/Web/HTML/Element/Heading_Elements/,30,4486,0.67%,9.39
https://webdoky.org/uk/docs/Web/CSS/text-decoration/,30,2987,1%,10.94
https://webdoky.org/uk/docs/Web/JavaScript/Reference/Global_Objects/Math/round/,28,3603,0.78%,10.11
https://webdoky.org/uk/docs/Web/JavaScript/Reference/Operators/,28,1076,2.6%,13.98
https://webdoky.org/uk/docs/Web/JavaScript/Reference/Global_Objects/Array/filter/,27,6191,0.44%,9.41
https://webdoky.org/uk/docs/Web/CSS/backdrop-filter/,27,3219,0.84%,14.75
https://webdoky.org/uk/docs/Web/HTML/Element/audio/,26,1357,1.92%,10.07
https://webdoky.org/uk/docs/Web/JavaScript/Reference/Functions/Arrow_functions/,26,803,3.24%,8.07
https://webdoky.org/uk/docs/Web/CSS/CSS_flexible_box_layout/Aligning_items_in_a_flex_container/,26,562,4.63%,9.96
https://webdoky.org/uk/docs/Web/JavaScript/Reference/Global_Objects/Array/forEach/,25,7146,0.35%,10.03
https://webdoky.org/uk/docs/Web/CSS/background-size/,25,3610,0.69%,11.48
https://webdoky.org/uk/docs/Web/JavaScript/Reference/Statements/for...of/,25,3413,0.73%,14
https://webdoky.org/uk/docs/Web/CSS/transform-function/translate/,25,2443,1.02%,8.82
https://webdoky.org/uk/docs/Web/JavaScript/Reference/Global_Objects/Intl/NumberFormat/,25,1678,1.49%,15.33
https://webdoky.org/uk/docs/Web/JavaScript/Reference/Global_Objects/Object/fromEntries/,25,1142,2.19%,25.58
https://webdoky.org/uk/docs/Web/JavaScript/Guide/Indexed_collections/,25,895,2.79%,10.65
https://webdoky.org/uk/docs/Web/CSS/z-index/,24,2672,0.9%,9.72
https://webdoky.org/uk/docs/Web/JavaScript/Reference/Global_Objects/Date/toLocaleString/,24,2014,1.19%,15.91
https://webdoky.org/uk/docs/Web/CSS/text-align/,23,4398,0.52%,9.96
https://webdoky.org/uk/docs/Web/JavaScript/Reference/Operators/typeof/,23,3862,0.6%,9.42
https://webdoky.org/uk/docs/Web/JavaScript/Reference/Global_Objects/String/localeCompare/,23,2212,1.04%,23.87
https://webdoky.org/uk/docs/Web/JavaScript/Reference/Global_Objects/Promise/then/,23,1527,1.51%,13.91
https://webdoky.org/uk/docs/Web/JavaScript/Reference/Global_Objects/Date/toISOString/,23,1245,1.85%,26.28
https://webdoky.org/uk/docs/Web/JavaScript/Reference/Classes/,23,1018,2.26%,10.31
https://webdoky.org/uk/docs/Web/JavaScript/Reference/Global_Objects/Array/includes/,22,7365,0.3%,8.36
https://webdoky.org/uk/docs/Web/CSS/CSS_nesting/,22,114,19.3%,7.5
https://webdoky.org/uk/docs/Web/HTML/Element/br/,21,4345,0.48%,8.06
https://webdoky.org/uk/docs/Web/JavaScript/Guide/Expressions_and_operators/,21,959,2.19%,13.7
https://webdoky.org/uk/docs/Web/CSS/line-height/,20,3409,0.59%,8.95
https://webdoky.org/uk/docs/Web/HTML/Element/p/,20,3401,0.59%,9.48
https://webdoky.org/uk/docs/Web/JavaScript/Reference/Global_Objects/Array/from/,20,2040,0.98%,9.32
https://webdoky.org/uk/docs/Web/JavaScript/Guide/Using_promises/,20,660,3.03%,10.36
https://webdoky.org/,20,214,9.35%,8.97
https://webdoky.org/uk/docs/Web/JavaScript/Reference/Global_Objects/Array/slice/,19,8243,0.23%,10.82
https://webdoky.org/uk/docs/Web/CSS/background-image/,19,5773,0.33%,10.32
https://webdoky.org/uk/docs/Web/CSS/calc/,19,4002,0.47%,10.83
https://webdoky.org/uk/docs/Web/CSS/cursor/,19,3465,0.55%,9.16
https://webdoky.org/uk/docs/Web/CSS/CSS_selectors/,19,1402,1.36%,10.66
https://webdoky.org/uk/docs/Web/JavaScript/Reference/Global_Objects/Math/floor/,18,4156,0.43%,15.08
https://webdoky.org/uk/docs/Web/JavaScript/Reference/Global_Objects/Array/map/,18,1787,1.01%,12.17
https://webdoky.org/uk/docs/Web/HTML/Element/input/url/,18,1044,1.72%,12.48
https://webdoky.org/uk/docs/Web/JavaScript/Reference/Global_Objects/Array/indexOf/,17,2678,0.63%,12.26
https://webdoky.org/uk/docs/Web/CSS/font-weight/,17,1674,1.02%,10.69
https://webdoky.org/uk/docs/Web/JavaScript/Reference/Global_Objects/Set/,17,1052,1.62%,12.71
https://webdoky.org/uk/docs/Web/JavaScript/Reference/Global_Objects/Math/trunc/,17,1005,1.69%,14.41
https://webdoky.org/uk/docs/Web/JavaScript/Reference/Statements/async_function/,17,742,2.29%,12.82
https://webdoky.org/uk/docs/Web/JavaScript/Reference/Global_Objects/JSON/parse/,16,2598,0.62%,9.59
https://webdoky.org/uk/docs/Web/CSS/flex/,16,2277,0.7%,12.69
https://webdoky.org/uk/docs/Web/JavaScript/Reference/Statements/for...in/,16,2246,0.71%,8.06
https://webdoky.org/uk/docs/Web/JavaScript/Guide/Grammar_and_types/,16,1095,1.46%,11.77
https://webdoky.org/uk/docs/Web/JavaScript/Reference/Statements/import/,16,1002,1.6%,8.75
https://webdoky.org/uk/docs/Web/JavaScript/Reference/Global_Objects/Object/create/,16,937,1.71%,12.23
https://webdoky.org/uk/docs/Web/CSS/Containing_block/,16,540,2.96%,7.61
https://webdoky.org/uk/docs/Web/JavaScript/Reference/Operators/Destructuring_assignment/,16,530,3.02%,11.37
https://webdoky.org/uk/docs/Web/JavaScript/Reference/Global_Objects/String/toLowerCase/,15,2663,0.56%,12.27
https://webdoky.org/uk/docs/Web/JavaScript/Reference/Global_Objects/String/length/,15,1588,0.94%,13.64
https://webdoky.org/uk/docs/Web/HTML/Element/form/,15,1435,1.05%,10.93
https://webdoky.org/uk/docs/Web/CSS/Shorthand_properties/,15,546,2.75%,10.26
https://webdoky.org/uk/docs/Web/JavaScript/Reference/Global_Objects/Array/some/,14,3911,0.36%,14.02
https://webdoky.org/uk/docs/Web/JavaScript/Reference/Global_Objects/Object/entries/,14,3277,0.43%,10.89
https://webdoky.org/uk/docs/Web/JavaScript/Reference/Global_Objects/Math/ceil/,14,3246,0.43%,10.92
https://webdoky.org/uk/docs/Web/JavaScript/Reference/Global_Objects/Date/,14,1018,1.38%,12.66
https://webdoky.org/uk/docs/Web/JavaScript/Reference/Operators/Conditional_operator/,14,620,2.26%,14.19
https://webdoky.org/uk/docs/Web/JavaScript/Reference/Global_Objects/String/slice/,13,2728,0.48%,22.16
https://webdoky.org/uk/docs/Web/JavaScript/Reference/Global_Objects/String/indexOf/,13,2532,0.51%,10.48
https://webdoky.org/uk/docs/Web/JavaScript/,13,1184,1.1%,12.79
https://webdoky.org/uk/docs/Web/JavaScript/Reference/Global_Objects/Object/defineProperty/,13,803,1.62%,10.39
https://webdoky.org/uk/docs/Web/JavaScript/Guide/Regular_expressions/Cheatsheet/,13,223,5.83%,12.47
https://webdoky.org/uk/docs/Web/CSS/transform-function/rotate/,12,2641,0.45%,11.28
https://webdoky.org/uk/docs/Web/CSS/grid-template-columns/,12,2502,0.48%,13.57
https://webdoky.org/uk/docs/Web/HTML/Element/div/,12,2246,0.53%,9.29
https://webdoky.org/uk/docs/Web/JavaScript/Reference/Global_Objects/Object/toString/,12,1543,0.78%,15.63
https://webdoky.org/uk/docs/Web/JavaScript/Reference/Global_Objects/Math/,12,824,1.46%,15.33
https://webdoky.org/uk/docs/Web/JavaScript/Reference/Lexical_grammar/,12,790,1.52%,14.85
https://webdoky.org/uk/docs/Web/HTML/Element/input/color/,12,655,1.83%,8.9
https://webdoky.org/uk/docs/Web/JavaScript/Reference/Global_Objects/String/normalize/,12,427,2.81%,16.96
https://webdoky.org/uk/docs/Web/JavaScript/Reference/Global_Objects/String/replaceAll/,11,2046,0.54%,11.79
https://webdoky.org/uk/docs/Web/HTML/Element/hr/,11,1310,0.84%,9.78
https://webdoky.org/uk/docs/Web/JavaScript/Reference/Global_Objects/Object/freeze/,11,714,1.54%,7.22
https://webdoky.org/uk/docs/Web/JavaScript/Reference/Global_Objects/String/padEnd/,11,336,3.27%,16.03
https://webdoky.org/uk/docs/Web/CSS/flex-wrap/,10,2929,0.34%,10.99
https://webdoky.org/uk/docs/Web/JavaScript/Reference/Global_Objects/String/match/,10,1953,0.51%,10.26
https://webdoky.org/uk/docs/Web/CSS/:not/,10,1022,0.98%,8.76
https://webdoky.org/uk/docs/Web/JavaScript/Reference/Operators/delete/,10,703,1.42%,9.19
https://webdoky.org/uk/docs/Web/JavaScript/Reference/Global_Objects/String/at/,10,470,2.13%,10.05
https://webdoky.org/uk/docs/Web/JavaScript/Reference/Global_Objects/Math/sign/,10,428,2.34%,14.25
https://webdoky.org/uk/docs/Web/JavaScript/Reference/Global_Objects/,10,191,5.24%,10.73
https://webdoky.org/uk/docs/Web/JavaScript/Reference/Global_Objects/Promise/all/,9,2419,0.37%,12.21
https://webdoky.org/uk/docs/Web/CSS/flex-direction/,9,2414,0.37%,11.67
https://webdoky.org/uk/docs/Web/CSS/text-transform/,9,1965,0.46%,10.52
https://webdoky.org/uk/docs/Web/JavaScript/Reference/Statements/switch/,9,1654,0.54%,10.22
https://webdoky.org/uk/docs/Web/CSS/border/,9,1146,0.79%,12.74
https://webdoky.org/uk/docs/Web/JavaScript/Reference/Global_Objects/Symbol/,9,625,1.44%,12.67
https://webdoky.org/uk/docs/Web/CSS/Value_definition_syntax/,9,369,2.44%,23.13
https://webdoky.org/uk/docs/Web/HTML/Element/script/,9,325,2.77%,14.21
https://webdoky.org/uk/docs/Web/CSS/CSS_backgrounds_and_borders/,9,159,5.66%,12.27
https://webdoky.org/uk/docs/Web/JavaScript/Guide/,9,136,6.62%,11.72
https://webdoky.org/uk/docs/Web/CSS/padding/,8,2579,0.31%,9.21
https://webdoky.org/uk/docs/Web/JavaScript/Reference/Global_Objects/Array/findIndex/,8,1535,0.52%,10.08
https://webdoky.org/uk/docs/Web/JavaScript/Reference/Global_Objects/String/includes/,8,1470,0.54%,9.93
https://webdoky.org/uk/docs/Web/JavaScript/Reference/Global_Objects/String/toUpperCase/,8,1316,0.61%,7.52
https://webdoky.org/uk/docs/Web/CSS/background-color/,8,1108,0.72%,10.56
https://webdoky.org/uk/docs/Web/JavaScript/Reference/Global_Objects/Math/PI/,8,488,1.64%,21.75
https://webdoky.org/uk/docs/Web/JavaScript/Reference/Global_Objects/Number/,8,435,1.84%,18.04
https://webdoky.org/uk/docs/Web/HTML/Element/iframe/,8,381,2.1%,16.67
https://webdoky.org/uk/docs/Web/JavaScript/Reference/Global_Objects/Math/hypot/,8,364,2.2%,14.62
https://webdoky.org/uk/docs/Web/JavaScript/Reference/Global_Objects/Array/splice/,7,6083,0.12%,10.52
https://webdoky.org/uk/docs/Web/JavaScript/Reference/Statements/try...catch/,7,2033,0.34%,9.78
https://webdoky.org/uk/docs/Web/CSS/white-space/,7,1860,0.38%,12.42
https://webdoky.org/uk/docs/Web/JavaScript/Reference/Global_Objects/Math/sqrt/,7,1602,0.44%,10.04
https://webdoky.org/uk/docs/Web/CSS/transform/,7,1099,0.64%,12.9
https://webdoky.org/uk/docs/Web/JavaScript/Reference/Global_Objects/Promise/resolve/,7,1098,0.64%,14.84
https://webdoky.org/uk/docs/Web/CSS/align-items/,7,760,0.92%,16.84
https://webdoky.org/uk/docs/Web/JavaScript/Reference/Global_Objects/String/charCodeAt/,7,720,0.97%,14.07
https://webdoky.org/uk/docs/Web/JavaScript/Inheritance_and_the_prototype_chain/,7,674,1.04%,10.34
https://webdoky.org/uk/docs/Web/HTML/Global_attributes/,7,411,1.7%,18.64
https://webdoky.org/uk/docs/Web/JavaScript/Reference/Global_Objects/String/raw/,7,356,1.97%,17.84
https://webdoky.org/uk/docs/Web/JavaScript/Reference/Global_Objects/String/startsWith/,6,2120,0.28%,20.06
https://webdoky.org/uk/docs/Web/JavaScript/Reference/Global_Objects/Array/pop/,6,1821,0.33%,9.15
https://webdoky.org/uk/docs/Web/JavaScript/Reference/Global_Objects/Object/keys/,6,1758,0.34%,8.93
https://webdoky.org/uk/docs/Web/JavaScript/Reference/Global_Objects/Math/min/,6,1463,0.41%,16.81
https://webdoky.org/uk/docs/Web/JavaScript/Reference/Global_Objects/String/charAt/,6,1310,0.46%,14.39
https://webdoky.org/uk/docs/Web/CSS/flex-basis/,6,1297,0.46%,10.52
https://webdoky.org/uk/docs/Web/CSS/color_value/,6,1155,0.52%,10.96
https://webdoky.org/uk/docs/Web/CSS/border-style/,6,1139,0.53%,10.94
https://webdoky.org/uk/docs/Web/CSS/background-position/,6,1121,0.54%,11.55
https://webdoky.org/uk/docs/Web/CSS/background/,6,836,0.72%,13.09
https://webdoky.org/uk/docs/Web/CSS/length/,6,733,0.82%,11.89
https://webdoky.org/uk/docs/Web/CSS/Reference/,6,487,1.23%,11.4
https://webdoky.org/uk/docs/Web/JavaScript/Reference/Operators/Spread_syntax/,6,209,2.87%,13.01
https://webdoky.org/docs/git-naming-conventions/,6,56,10.71%,21.46
https://webdoky.org/uk/docs/Web/HTML/Element/input/search/,6,54,11.11%,7
https://webdoky.org/interactive-examples/pages/css/flex.html,6,26,23.08%,12.88
https://webdoky.org/uk/docs/Web/JavaScript/Reference/Global_Objects/Array/concat/,5,2409,0.21%,9.73
https://webdoky.org/uk/docs/Web/JavaScript/Reference/Global_Objects/Date/now/,5,1715,0.29%,11.81
https://webdoky.org/uk/docs/Web/JavaScript/Reference/Global_Objects/Array/join/,5,1457,0.34%,10.49
https://webdoky.org/uk/docs/Web/JavaScript/Reference/Global_Objects/Object/values/,5,1363,0.37%,8.12
https://webdoky.org/uk/docs/Web/JavaScript/Reference/Global_Objects/BigInt/,5,1126,0.44%,10.95
https://webdoky.org/uk/docs/Web/JavaScript/Reference/Global_Objects/RegExp/test/,5,999,0.5%,10.31
https://webdoky.org/uk/docs/Web/JavaScript/Reference/Global_Objects/String/fromCharCode/,5,562,0.89%,26.73
https://webdoky.org/uk/docs/Web/JavaScript/Reference/Statements/let/,5,444,1.13%,10.85
https://webdoky.org/uk/docs/Web/JavaScript/Reference/Global_Objects/Date/Date/,5,367,1.36%,15.63
https://webdoky.org/interactive-examples/pages/tabbed/video.html,5,261,1.92%,6.84
https://webdoky.org/uk/docs/Web/JavaScript/Reference/,5,186,2.69%,6.46
https://webdoky.org/uk/docs/Web/JavaScript/Reference/Statements/,5,83,6.02%,10.43
https://webdoky.org/uk/docs/Web/JavaScript/Reference/Global_Objects/Array/every/,4,1895,0.21%,9.71
https://webdoky.org/uk/docs/Web/JavaScript/Reference/Global_Objects/Object/assign/,4,1454,0.28%,8.93
https://webdoky.org/uk/docs/Web/CSS/margin/,4,1257,0.32%,10.26
https://webdoky.org/uk/docs/Web/CSS/height/,4,1143,0.35%,10.16
https://webdoky.org/uk/docs/Web/JavaScript/Reference/Global_Objects/String/repeat/,4,748,0.53%,11.93
https://webdoky.org/uk/docs/Web/JavaScript/Reference/Global_Objects/RegExp/,4,671,0.6%,13.51
https://webdoky.org/uk/docs/Web/JavaScript/Reference/Global_Objects/Math/atan2/,4,654,0.61%,15.69
https://webdoky.org/uk/docs/Web/CSS/:checked/,4,568,0.7%,12.36
https://webdoky.org/uk/docs/Web/JavaScript/Reference/Global_Objects/Math/atan/,4,545,0.73%,15.79
https://webdoky.org/uk/docs/Web/JavaScript/Reference/Global_Objects/RegExp/exec/,4,327,1.22%,13.11
https://webdoky.org/uk/docs/Web/JavaScript/Reference/Operators/null/,4,305,1.31%,11.06
https://webdoky.org/uk/docs/Web/JavaScript/Reference/Global_Objects/Date/parse/,4,219,1.83%,15.35
https://webdoky.org/uk/docs/Web/CSS/percentage/,4,133,3.01%,11.27
https://webdoky.org/uk/docs/Web/CSS/At-rule/,4,7,57.14%,3.57
https://webdoky.org/uk/docs/Web/JavaScript/Reference/Global_Objects/String/substring/,3,2548,0.12%,10.6
https://webdoky.org/uk/docs/Web/JavaScript/Reference/Global_Objects/Array/shift/,3,2518,0.12%,12.1
https://webdoky.org/uk/docs/Web/JavaScript/Reference/Global_Objects/Math/log2/,3,1229,0.24%,10.4
https://webdoky.org/uk/docs/Web/JavaScript/Reference/Global_Objects/Math/log/,3,653,0.46%,21.3
https://webdoky.org/uk/docs/Web/JavaScript/Reference/Global_Objects/String/matchAll/,3,476,0.63%,35.28
https://webdoky.org/uk/docs/Web/JavaScript/Reference/Iteration_protocols/,3,277,1.08%,10.24
https://webdoky.org/interactive-examples/pages/js/date-tolocalestring.html,3,267,1.12%,12.63
https://webdoky.org/uk/docs/Web/JavaScript/Reference/Global_Objects/String/valueOf/,3,262,1.15%,16.87
https://webdoky.org/uk/docs/Glossary/Baseline/Typography/,3,220,1.36%,4.92
https://webdoky.org/uk/docs/Web/,3,130,2.31%,13.48
https://webdoky.org/uk/docs/Web/JavaScript/Reference/Global_Objects/String/codePointAt/,3,129,2.33%,26.05
https://webdoky.org/uk/docs/Web/JavaScript/Reference/Global_Objects/Math/fround/,3,95,3.16%,13.46
https://webdoky.org/uk/docs/Web/CSS/--*/,3,72,4.17%,11.15
https://webdoky.org/uk/docs/Web/HTML/Element/input/reset/,3,17,17.65%,5.47
https://webdoky.org/uk/docs/Web/JavaScript/Reference/Global_Objects/undefined/,2,1166,0.17%,19.9
https://webdoky.org/uk/docs/Web/JavaScript/Reference/Global_Objects/Boolean/,2,563,0.36%,12.09
https://webdoky.org/uk/docs/Web/CSS/color/,2,480,0.42%,11.49
https://webdoky.org/uk/docs/Web/JavaScript/Reference/Global_Objects/Math/sin/,2,420,0.48%,18.27
https://webdoky.org/uk/docs/Web/JavaScript/Reference/Global_Objects/TypeError/,2,216,0.93%,12.17
https://webdoky.org/uk/docs/Web/JavaScript/Reference/Global_Objects/Math/cos/,2,202,0.99%,20.01
https://webdoky.org/uk/docs/Web/JavaScript/Reference/Global_Objects/String/fromCodePoint/,2,167,1.2%,34.84
https://webdoky.org/uk/docs/Web/CSS/CSS_media_queries/Using_media_queries/,2,120,1.67%,8.22
https://webdoky.org/uk/docs/Web/HTML/Viewport_meta_tag/,2,112,1.79%,11.13
https://webdoky.org/uk/docs/Web/JavaScript/Reference/Global_Objects/Math/clz32/,2,111,1.8%,16.19
https://webdoky.org/uk/docs/Web/JavaScript/Reference/Operators/Optional_chaining/,2,93,2.15%,12.83
https://webdoky.org/uk/docs/Web/JavaScript/Reference/Errors/Not_defined/,2,88,2.27%,14.09
https://webdoky.org/uk/docs/Web/CSS/Inheritance/,2,81,2.47%,17.8
https://webdoky.org/uk/docs/Web/HTML/Element/input/text/,2,74,2.7%,6.95
https://webdoky.org/uk/docs/Web/HTML/Element/input/number/,2,71,2.82%,6.96
https://webdoky.org/uk/docs/Web/CSS/CSS_backgrounds_and_borders/Resizing_background_images/,2,66,3.03%,15.64
https://webdoky.org/uk/docs/Web/JavaScript/Guide/Using_classes/,2,51,3.92%,8.43
https://webdoky.org/uk/docs/Web/JavaScript/Reference/Operators/Nullish_coalescing/,2,46,4.35%,12.41
https://webdoky.org/uk/docs/Web/JavaScript/Reference/Regular_expressions/,2,36,5.56%,7.39
https://webdoky.org/uk/docs/Web/JavaScript/Reference/Global_Objects/Array/flat/,1,1310,0.08%,9.73
https://webdoky.org/uk/docs/Web/JavaScript/Reference/Global_Objects/String/substr/,1,1225,0.08%,14.56
https://webdoky.org/uk/docs/Web/JavaScript/Reference/Global_Objects/String/endsWith/,1,722,0.14%,23.08
https://webdoky.org/uk/docs/Web/CSS/width/,1,422,0.24%,13.86
https://webdoky.org/uk/docs/Web/CSS/vertical-align/,1,422,0.24%,14.49
https://webdoky.org/uk/docs/Web/JavaScript/Reference/Global_Objects/String/concat/,1,366,0.27%,15.1
https://webdoky.org/uk/docs/Web/JavaScript/Reference/Global_Objects/Math/exp/,1,333,0.3%,15.6
https://webdoky.org/uk/docs/Glossary/Truthy/,1,293,0.34%,8.53
https://webdoky.org/uk/docs/Web/JavaScript/Reference/Global_Objects/Math/LN10/,1,237,0.42%,9.06
https://webdoky.org/uk/docs/Web/JavaScript/Reference/Global_Objects/Object/getOwnPropertyNames/,1,188,0.53%,18.46
https://webdoky.org/docs/translating-in-github/,1,170,0.59%,24.42
https://webdoky.org/interactive-examples/pages/js/string-localecompare.html,1,148,0.68%,21.18
https://webdoky.org/uk/docs/Web/JavaScript/Reference/Global_Objects/Math/acos/,1,140,0.71%,15.11
https://webdoky.org/interactive-examples/pages/tabbed/iframe.html,1,102,0.98%,16.65
https://webdoky.org/uk/docs/Web/SVG/,1,102,0.98%,31.49
https://webdoky.org/uk/docs/Web/JavaScript/Reference/Global_Objects/Math/sinh/,1,89,1.12%,14.51
https://webdoky.org/uk/docs/Web/CSS/number/,1,65,1.54%,15.03
https://webdoky.org/docs/licensing/,1,55,1.82%,15
https://webdoky.org/docs/,1,45,2.22%,5.53
https://webdoky.org/uk/docs/Web/Guide/,1,41,2.44%,8.49
https://webdoky.org/uk/docs/Glossary/Falsy/,1,33,3.03%,6.67
https://webdoky.org/uk/docs/Web/HTML/Element/input/week/,1,32,3.12%,11.84
https://webdoky.org/uk/docs/Glossary/Camel_case/,1,32,3.12%,16.97
https://webdoky.org/uk/docs/Web/JavaScript/Reference/Global_Objects/String/trim/,1,27,3.7%,8.81
https://webdoky.org/uk/docs/Web/JavaScript/Reference/Operators/this/,1,26,3.85%,7.23
https://webdoky.org/uk/docs/Web/CSS/CSS_syntax/Error_handling/,1,20,5%,7.05
https://webdoky.org/interactive-examples/pages/css/display.html,1,18,5.56%,52.06
https://webdoky.org/interactive-examples/pages/css/object-fit.html,1,17,5.88%,65.71
https://webdoky.org/interactive-examples/pages/css/background.html,1,15,6.67%,6.07
https://webdoky.org/uk/docs/Web/HTML/Element/input/hidden/,1,15,6.67%,6.8
https://webdoky.org/uk/docs/Web/JavaScript/Reference/Operators/new/,1,12,8.33%,10
https://webdoky.org/uk/docs/Web/JavaScript/Reference/Global_Objects/Infinity/,1,11,9.09%,9.27
https://webdoky.org/uk/docs/Web/JavaScript/Reference/Global_Objects/String/fontsize/,1,11,9.09%,11.09
https://webdoky.org/uk/docs/Web/CSS/CSS_box_model/Mastering_margin_collapsing/,1,10,10%,5
https://webdoky.org/uk/docs/Web/JavaScript/Reference/Global_Objects/Error/,1,10,10%,20.6
https://webdoky.org/interactive-examples/pages/css/box-shadow.html,1,9,11.11%,28.44
https://webdoky.org/uk/docs/Glossary/User_agent/,1,5,20%,3.6
https://webdoky.org/uk/docs/Web/CSS/border-width/,1,4,25%,5.25
https://webdoky.org/uk/docs/Web/HTML/Global_attributes/class/,1,4,25%,9.5
https://webdoky.org/interactive-examples/pages/tabbed/a.html,1,1,100%,1
https://webdoky.org/interactive-examples/pages/tabbed/input-reset.html,1,1,100%,11
https://webdoky.org/uk/docs/Web/JavaScript/Reference/Global_Objects/Array/unshift/,0,1671,0%,7.16
https://webdoky.org/uk/docs/Web/HTML/Element/span/,0,1024,0%,11.19
https://webdoky.org/uk/docs/Web/JavaScript/Reference/Global_Objects/Math/log10/,0,502,0%,12.12
https://webdoky.org/uk/docs/Web/JavaScript/Reference/Global_Objects/String/lastIndexOf/,0,493,0%,13.41
https://webdoky.org/uk/docs/Web/JavaScript/Reference/Global_Objects/Math/SQRT2/,0,257,0%,12.02
https://webdoky.org/uk/docs/Web/JavaScript/Reference/Global_Objects/Math/LN2/,0,253,0%,11.34
https://webdoky.org/uk/docs/Web/JavaScript/Guide/Loops_and_iteration/#instruktsiia-for,0,235,0%,4.34
https://webdoky.org/uk/docs/Web/JavaScript/Guide/Loops_and_iteration/#instruktsiia-while,0,235,0%,4.34
https://webdoky.org/uk/docs/Web/JavaScript/Guide/Loops_and_iteration/#instruktsiia-break,0,229,0%,4.36
https://webdoky.org/interactive-examples/pages/js/date-tolocaledatestring.html,0,218,0%,13.75
https://webdoky.org/uk/docs/Web/JavaScript/Reference/Global_Objects/Math/cbrt/,0,200,0%,12.14
https://webdoky.org/uk/docs/Web/JavaScript/Reference/Global_Objects/Math/tan/,0,171,0%,20.65
https://webdoky.org/uk/docs/Web/JavaScript/Reference/Global_Objects/String/trimEnd/,0,169,0%,31.89
https://webdoky.org/uk/docs/Web/JavaScript/Guide/Loops_and_iteration/#instruktsiia-z-mitkoiu,0,165,0%,4.33
https://webdoky.org/interactive-examples/pages/js/array-reduce.html,0,148,0%,70.51
https://webdoky.org/uk/docs/Web/JavaScript/Guide/Loops_and_iteration/#instruktsiia-dowhile,0,142,0%,4.57
https://webdoky.org/interactive-examples/pages/tabbed/img.html,0,131,0%,8.11
https://webdoky.org/interactive-examples/pages/js/array-findindex.html,0,126,0%,67.69
https://webdoky.org/uk/docs/Web/JavaScript/Reference/Global_Objects/Math/E/,0,119,0%,16.46
https://webdoky.org/interactive-examples/pages/css/background-position.html,0,114,0%,75.16
https://webdoky.org/interactive-examples/pages/js/string-raw.html,0,101,0%,19.39
https://webdoky.org/uk/docs/Web/JavaScript/Reference/Operators/await/,0,101,0%,24.85
https://webdoky.org/uk/docs/Web/JavaScript/Reference/Global_Objects/Math/cosh/,0,91,0%,14.14
https://webdoky.org/uk/docs/Web/JavaScript/Reference/Global_Objects/String/trimStart/,0,79,0%,12.89
https://webdoky.org/interactive-examples/pages/js/string-replace.html,0,75,0%,33.52
https://webdoky.org/interactive-examples/pages/js/string-search.html,0,71,0%,16.76
https://webdoky.org/docs/translation/,0,67,0%,14.57
https://webdoky.org/uk/docs/Web/CSS/angle/,0,61,0%,10.85
https://webdoky.org/interactive-examples/pages/js/array-flat.html,0,56,0%,19.5
https://webdoky.org/uk/docs/Web/JavaScript/Reference/Global_Objects/String/toLocaleLowerCase/,0,53,0%,24.3
https://webdoky.org/docs/glossary/,0,51,0%,14.37
https://webdoky.org/interactive-examples/pages/js/string-substring.html,0,49,0%,38.43
https://webdoky.org/interactive-examples/pages/css/cursor.html,0,48,0%,47.46
https://webdoky.org/interactive-examples/pages/css/vertical-align.html,0,48,0%,55.04
https://webdoky.org/uk/docs/Web/JavaScript/Reference/Global_Objects/Math/tanh/,0,45,0%,15.84
https://webdoky.org/interactive-examples/pages/css/background-image.html,0,41,0%,5.78
https://webdoky.org/uk/docs/Web/JavaScript/Reference/Global_Objects/Math/log1p/,0,40,0%,16.82
https://webdoky.org/uk/docs/Web/CSS/computed_value/,0,35,0%,9.51
https://webdoky.org/uk/docs/Web/CSS/-moz-image-rect/,0,35,0%,12.8
https://webdoky.org/uk/docs/Web/JavaScript/Reference/Global_Objects/String/blink/,0,30,0%,10.47
https://webdoky.org/uk/docs/Web/JavaScript/Reference/Global_Objects/String/strike/,0,29,0%,8.97
https://webdoky.org/uk/docs/Web/HTML/Attributes/rel/,0,29,0%,9.9
https://webdoky.org/uk/docs/Web/JavaScript/Reference/Global_Objects/Math/imul/,0,29,0%,12.69
https://webdoky.org/interactive-examples/pages/js/math-fround.html,0,29,0%,20.17
https://webdoky.org/uk/docs/Web/JavaScript/Reference/Global_Objects/Math/acosh/,0,28,0%,14.43
https://webdoky.org/interactive-examples/pages/js/statement-trycatch.html,0,26,0%,25.85
https://webdoky.org/interactive-examples/pages/css/function-calc.html,0,24,0%,70.83
https://webdoky.org/uk/docs/Web/JavaScript/Reference/Global_Objects/Array/reverse/,0,23,0%,5.3
https://webdoky.org/uk/docs/Web/JavaScript/Reference/Global_Objects/Math/atanh/,0,23,0%,13.91
https://webdoky.org/uk/docs/Glossary/Base64/,0,22,0%,7.18
https://webdoky.org/interactive-examples/pages/js/expressions-typeof.html,0,22,0%,21.95
https://webdoky.org/uk/docs/Web/JavaScript/Reference/Global_Objects/String/italics/,0,21,0%,17.38
https://webdoky.org/uk/docs/Web/JavaScript/Enumerability_and_ownership_of_properties/,0,20,0%,14.65
https://webdoky.org/uk/docs/Web/CSS/gradient/,0,19,0%,9.95
https://webdoky.org/interactive-examples/pages/tabbed/select.html,0,18,0%,18.89
https://webdoky.org/interactive-examples/pages/js/statement-let.html,0,18,0%,23.11
https://webdoky.org/uk/docs/Web/JavaScript/Reference/Global_Objects/String/big/,0,17,0%,14.12
https://webdoky.org/uk/docs/Web/HTML/Attributes/required/,0,16,0%,6.94
https://webdoky.org/uk/docs/Web/CSS/-moz-float-edge/,0,16,0%,9.06
https://webdoky.org/uk/docs/Web/HTML/Content_categories/,0,16,0%,14
https://webdoky.org/uk/docs/Web/CSS/font/,0,15,0%,7.07
https://webdoky.org/interactive-examples/pages/js/math-abs.html,0,15,0%,10.67
https://webdoky.org/uk/docs/Web/JavaScript/Reference/Global_Objects/Math/LOG10E/,0,15,0%,23.13
https://webdoky.org/interactive-examples/pages/css/overflow.html,0,14,0%,5.79
https://webdoky.org/uk/docs/Glossary/Shallow_copy/,0,14,0%,6.29
https://webdoky.org/interactive-examples/pages/js/globalprops-parseint.html,0,14,0%,15.5
https://webdoky.org/interactive-examples/pages/css/flex-wrap.html,0,13,0%,48
https://webdoky.org/uk/docs/Web/CSS/initial_value/,0,12,0%,9.5
https://webdoky.org/translation-status-priority/,0,12,0%,10.33
https://webdoky.org/uk/docs/Web/CSS/CSS_box_model/Introduction_to_the_CSS_box_model/,0,12,0%,11.83
https://webdoky.org/interactive-examples/pages/js/regexp-lastindex.html,0,12,0%,31.75
https://webdoky.org/uk/docs/Web/JavaScript/Reference/Statements/if...else/,0,11,0%,7.36
https://webdoky.org/uk/docs/Web/JavaScript/Reference/Global_Objects/ArrayBuffer/detached/,0,10,0%,11.6
https://webdoky.org/uk/docs/Web/JavaScript/Reference/Global_Objects/RegExp/lastIndex/,0,10,0%,17.1
https://webdoky.org/uk/docs/Web/JavaScript/Reference/Global_Objects/Math/asinh/,0,10,0%,26.3
https://webdoky.org/uk/docs/Web/JavaScript/Reference/Global_Objects/Map/,0,9,0%,11
https://webdoky.org/interactive-examples/pages/css/grid-template-columns.html,0,9,0%,39
https://webdoky.org/interactive-examples/pages/js/string-charat.html,0,8,0%,17.5
https://webdoky.org/interactive-examples/pages/tabbed/br.html,0,8,0%,25.12
https://webdoky.org/interactive-examples/pages/css/background-color.html,0,8,0%,55.5
https://webdoky.org/interactive-examples/pages/js/math-sqrt.html,0,7,0%,9.71
https://webdoky.org/uk/docs/Web/CSS/CSS_nesting/Nesting_and_specificity/,0,7,0%,14.86
https://webdoky.org/uk/docs/Web/JavaScript/Reference/Global_Objects/String/fontcolor/,0,6,0%,5
http://webdoky.org/uk/docs/Web/CSS/-moz-image-rect/,0,6,0%,7
https://webdoky.org/uk/docs/Web/HTML/Element/fieldset/,0,6,0%,7.83
https://webdoky.org/uk/docs/Web/CSS/CSS_flexible_box_layout/,0,6,0%,8.67
https://webdoky.org/uk/docs/Web/CSS/image/,0,6,0%,9.83
https://webdoky.org/uk/docs/Web/JavaScript/Reference/Global_Objects/Math/asin/,0,6,0%,11.67
https://webdoky.org/uk/docs/Web/JavaScript/Reference/Global_Objects/String/toString/,0,6,0%,16.83
https://webdoky.org/uk/docs/Web/CSS/-moz-image-region/,0,6,0%,18
https://webdoky.org/interactive-examples/pages/js/string-fromcodepoint.html,0,6,0%,28.33
https://webdoky.org/uk/docs/Web/CSS/:valid/,0,5,0%,5.4
https://webdoky.org/interactive-examples/pages/css/box-sizing.html,0,5,0%,7.8
https://webdoky.org/uk/docs/Web/CSS/CSS_animations/,0,5,0%,9
https://webdoky.org/interactive-examples/pages/css/background-size.html,0,5,0%,9.4
https://webdoky.org/uk/docs/Web/JavaScript/Reference/Global_Objects/String/toLocaleUpperCase/,0,5,0%,15.6
https://webdoky.org/uk/docs/Web/JavaScript/Reference/Global_Objects/String/link/,0,5,0%,18.4
https://webdoky.org/uk/docs/Web/HTML/Element/input/button/,0,5,0%,19
https://webdoky.org/uk/docs/Web/JavaScript/Reference/Operators/Property_accessors/,0,4,0%,3
https://webdoky.org/uk/docs/Web/JavaScript/Reference/Regular_expressions/Character_class_escape/,0,4,0%,5.25
https://webdoky.org/interactive-examples/pages/js/date-toisostring.html,0,4,0%,6.5
https://webdoky.org/uk/docs/Web/CSS/flex-grow/,0,4,0%,7
https://webdoky.org/uk/docs/Glossary/Boolean/,0,4,0%,7.25
https://webdoky.org/interactive-examples/pages/css/font.html,0,4,0%,7.75
https://webdoky.org/uk/docs/Web/CSS/CSS_media_queries/,0,4,0%,9
https://webdoky.org/uk/docs/Web/CSS/CSS_transitions/,0,4,0%,9
https://webdoky.org/interactive-examples/pages/tabbed/ul.html,0,4,0%,10.25
https://webdoky.org/uk/docs/Web/HTML/Element/script/type/speculationrules/,0,4,0%,17.5
https://webdoky.org/interactive-examples/pages/js/string-tolowercase.html,0,4,0%,32.75
https://webdoky.org/interactive-examples/pages/js/intl-numberformat.html,0,4,0%,38.75
https://webdoky.org/interactive-examples/pages/js/promise-then.html,0,4,0%,71
https://webdoky.org/interactive-examples/pages/css/font-family.html,0,3,0%,3
https://translation-status.webdoky.org/glossary/dom/index.md,0,3,0%,4
https://webdoky.org/uk/docs/Glossary/First-class_Function/,0,3,0%,5.33
https://webdoky.org/uk/docs/Web/JavaScript/Reference/Global_Objects/Proxy/,0,3,0%,5.67
https://webdoky.org/uk/docs/Web/JavaScript/Reference/Global_Objects/String/sub/,0,3,0%,7
https://webdoky.org/uk/docs/Web/CSS/CSS_box_model/,0,3,0%,7.33
https://webdoky.org/interactive-examples/pages/tabbed/audio.html,0,3,0%,8
https://webdoky.org/interactive-examples/pages/tabbed/input-date.html,0,3,0%,8.33
https://webdoky.org/uk/docs/Glossary/Kebab_case/,0,3,0%,9.33
https://webdoky.org/uk/docs/Web/CSS/used_value/,0,3,0%,9.33
https://webdoky.org/interactive-examples/pages/js/math-log.html,0,3,0%,9.67
https://webdoky.org/interactive-examples/pages/css/type-angle.html,0,3,0%,10.67
https://webdoky.org/interactive-examples/pages/tabbed/pseudo-class-not.html,0,3,0%,12.33
https://webdoky.org/interactive-examples/pages/js/globalprops-nan.html,0,3,0%,14.33
https://webdoky.org/uk/docs/Glossary/Block-level_content/,0,3,0%,19.67
https://webdoky.org/interactive-examples/pages/tabbed/pseudo-class-placeholder-shown.html,0,3,0%,65
https://webdoky.org/uk/docs/Web/JavaScript/Reference/Global_Objects/String/bold/,0,2,0%,3.5
https://webdoky.org/uk/docs/Glossary/Snake_case/,0,2,0%,5
https://webdoky.org/interactive-examples/pages/js/string-fromcharcode.html,0,2,0%,5.5
https://webdoky.org/interactive-examples/pages/js/object-create.html,0,2,0%,6
https://webdoky.org/uk/docs/Web/CSS/CSS_cascading_variables/,0,2,0%,6.5
https://webdoky.org/uk/docs/Web/HTML/Element/i/,0,2,0%,6.5
https://webdoky.org/interactive-examples/pages/js/array-includes.html,0,2,0%,7
https://webdoky.org/interactive-examples/pages/js/math-sign.html,0,2,0%,7.5
https://webdoky.org/interactive-examples/pages/css/function-linear-gradient.html,0,2,0%,8
https://webdoky.org/uk/docs/Web/CSS/@media/prefers-reduced-transparency/,0,2,0%,8
https://webdoky.org/interactive-examples/pages/js/string-charcodeat.html,0,2,0%,9
https://webdoky.org/uk/docs/Glossary/JSON_type_representation/,0,2,0%,9
https://webdoky.org/uk/docs/Glossary/Repaint/,0,2,0%,9.5
https://webdoky.org/uk/docs/Web/JavaScript/Reference/Regular_expressions/Character_escape/,0,2,0%,10
https://webdoky.org/uk/docs/Web/CSS/CSS_text/,0,2,0%,13.5
https://webdoky.org/interactive-examples/pages/js/string-normalize.html,0,2,0%,14
https://webdoky.org/interactive-examples/pages/js/math-tan.html,0,2,0%,19
https://webdoky.org/interactive-examples/pages/css/function-translate.html,0,2,0%,54.5
https://webdoky.org/interactive-examples/pages/css/position.html,0,1,0%,1
https://translation-status.webdoky.org/glossary/firewall/index.md,0,1,0%,2
https://webdoky.org/interactive-examples/pages/js/statement-async.html,0,1,0%,3
https://webdoky.org/interactive-examples/pages/css/flex-basis.html,0,1,0%,4
https://webdoky.org/interactive-examples/pages/js/math-e.html,0,1,0%,4
https://webdoky.org/uk/docs/Web/HTML/Element/script/type/,0,1,0%,4
https://webdoky.org/interactive-examples/pages/css/flex-grow.html,0,1,0%,5
https://webdoky.org/interactive-examples/pages/js/math-sqrt2.html,0,1,0%,5
https://webdoky.org/interactive-examples/pages/tabbed/input-week.html,0,1,0%,5
https://webdoky.org/uk/docs/Web/JavaScript/Reference/Global_Objects/Intl/,0,1,0%,6
https://translation-status.webdoky.org/uk/docs/Web/CSS/transform-function/translate3d,0,1,0%,7
https://translation-status.webdoky.org/web/css/transform-function/translatey/index.md,0,1,0%,7
https://webdoky.org/interactive-examples/pages/js/expressions-deleteoperator.html,0,1,0%,7
https://webdoky.org/interactive-examples/pages/js/json-parse.html,0,1,0%,7
https://webdoky.org/interactive-examples/pages/js/string-trim.html,0,1,0%,7
https://webdoky.org/interactive-examples/pages/tabbed/input-tel.html,0,1,0%,7
https://webdoky.org/uk/docs/Web/CSS/-moz-orient/,0,1,0%,7
https://webdoky.org/uk/docs/Web/JavaScript/Reference/Global_Objects/String/String/,0,1,0%,7
https://webdoky.org/interactive-examples/pages/js/object-prototype-tostring.html,0,1,0%,8
https://webdoky.org/interactive-examples/pages/js/string-at.html,0,1,0%,8
https://webdoky.org/uk/docs/Glossary/Boolean/HTML/,0,1,0%,8
https://webdoky.org/uk/docs/Web/SVG/Attribute/,0,1,0%,8
https://webdoky.org/interactive-examples/pages/js/object-prototype-hasownproperty.html,0,1,0%,9
https://webdoky.org/uk/docs/Glossary/Symbol/,0,1,0%,9
https://webdoky.org/interactive-examples/pages/js/string-indexof.html,0,1,0%,10
https://webdoky.org/interactive-examples/pages/js/string-padstart.html,0,1,0%,10
https://webdoky.org/uk/docs/Web/HTML/Element/optgroup/,0,1,0%,10
https://webdoky.org/uk/docs/Web/CSS/:enabled/,0,1,0%,13
https://webdoky.org/interactive-examples/pages/js/math-sin.html,0,1,0%,18
https://webdoky.org/interactive-examples/pages/css/color.html,0,1,0%,22
https://webdoky.org/interactive-examples/pages/js/string-repeat.html,0,1,0%,33
https://webdoky.org/uk/docs/Glossary/,0,1,0%,43